index,cardinality,distortion
0,5047,0.444517
1,6905,0.294032
