index,cardinality,distortion
0,2652,0.296406
1,2398,0.417557
2,2560,0.284363
3,4342,0.169952
