index,cardinality,distortion
0,1060,0.227196
1,1345,0.174075
2,687,0.318361
3,322,0.661329
4,1299,0.259109
5,1435,0.186995
6,2193,0.173002
7,3611,0.142339
