index,cardinality,distortion
0,101013,0.591043
1,32680,1.091911
2,88870,0.468645
3,174115,0.244749
