index,cardinality,distortion
0,134696,0.887027
1,261982,0.404046
