index,cardinality,distortion
0,0,NaN
1,0,NaN
2,0,NaN
3,0,NaN
4,609,0.934724
5,434,0.929546
6,1851,0.374082
7,889,0.891236
