index,cardinality,distortion
0,2286,0.195276
1,3503,0.223092
2,988,0.536088
3,752,0.511626
4,617,0.774868
5,973,0.447052
6,1260,0.433335
7,3899,0.203401
