index,cardinality,distortion
0,5603,0.349723
1,1128,0.822139
2,1742,0.642112
3,5805,0.360684
