index,cardinality,distortion
0,6280,0.586674
1,7998,0.512637
