index,cardinality,distortion
0,9121,0.373694
1,10493,0.261647
