index,cardinality,distortion
0,4814,0.290113
1,4327,0.284996
2,4754,0.289776
3,5719,0.180925
