index,cardinality,distortion
0,1864,0.176615
1,2734,0.251185
2,2705,0.262105
3,1810,0.222136
4,795,0.382385
5,2602,0.249888
6,3897,0.144415
7,3207,0.156326
