M,Train Ac,Train avgAc,Test Ac,Test avgAc
512, 95.61863, 95.6274, 90.76923, 91.20575
1024, 97.46487, 97.5822, 90.54945, 90.940735
2048, 98.87021, 98.99996, 89.45055, 90.36859
4096, 99.64178, 99.70153, 88.9011, 91.095146
