{
  "accuracy": 90.54945,
  "avg_accuracy": 90.940735
}