{
  "accuracy": 89.45055,
  "avg_accuracy": 90.36859
}