{
  "accuracy": 90.76923,
  "avg_accuracy": 91.20575
}