{
  "accuracy": 92.08791,
  "avg_accuracy": 93.60772
}