{
  "accuracy": 92.85714,
  "avg_accuracy": 94.06706
}