{
  "accuracy": 89.23077,
  "avg_accuracy": 90.62289
}