index,cardinality,distortion
0,5311,0.745350
1,6753,0.660210
2,12733,0.473030
3,21693,0.324041
