index,cardinality,distortion
0,2975,0.437663
1,2957,0.549796
2,6329,0.299777
3,1704,0.632353
4,8707,0.286235
5,1632,0.659121
6,16355,0.203681
7,5831,0.339016
