index,cardinality,distortion
0,11230,0.921532
1,35260,0.511404
