index,cardinality,distortion
0,6922,0.348205
1,8317,0.250666
