index,cardinality,distortion
0,1992,0.165927
1,1203,0.249156
2,1878,0.269245
3,1288,0.325515
4,2691,0.162728
5,2227,0.217394
6,2110,0.206251
7,1850,0.155794
