index,cardinality,distortion
0,3155,0.237043
1,2782,0.336845
2,5402,0.230407
3,3900,0.200151
