index,cardinality,distortion
0,12222,0.592654
1,7583,0.590277
2,5239,0.429136
3,12751,0.246392
