index,cardinality,distortion
0,4817,0.340161
1,3344,0.447214
2,3614,0.456120
3,4497,0.477503
4,4184,0.346848
5,3741,0.299101
6,3588,0.472241
7,10010,0.204320
