index,cardinality,distortion
0,19492,0.743693
1,18303,0.393125
