index,cardinality,distortion
0,1475,0.574189
1,596,0.923611
2,854,0.686142
3,2362,0.331580
