index,cardinality,distortion
0,1099,0.328663
1,284,0.738373
2,384,0.473233
3,202,0.702651
4,368,0.544241
5,610,0.393932
6,1614,0.185393
7,726,0.337457
