index,cardinality,distortion
0,1947,0.915588
1,3340,0.650666
