index,cardinality,distortion
0,1840,0.285077
1,3332,0.146337
2,2504,0.224757
3,4788,0.150740
4,2680,0.234260
5,3460,0.178599
6,4664,0.149928
7,5740,0.130087
