index,cardinality,distortion
0,4877,0.241739
1,6758,0.193265
2,7863,0.251062
3,9510,0.153742
