index,cardinality,distortion
0,10444,0.277519
1,18564,0.243670
