index,cardinality,distortion
0,35629,0.392847
1,53622,0.429589
2,13484,0.807243
3,17418,0.712187
4,37849,0.575440
5,54886,0.295993
6,68253,0.320151
7,115537,0.188267
