index,cardinality,distortion
0,5481,0.370239
1,1859,0.516884
2,3500,0.309092
3,8443,0.185350
