index,cardinality,distortion
0,8190,0.488496
1,11093,0.302704
