index,cardinality,distortion
0,2624,0.260274
1,519,0.598522
2,934,0.366247
3,1111,0.408565
4,1590,0.283080
5,2339,0.210567
6,4565,0.185707
7,5601,0.147126
