index,cardinality,distortion
0,0,NaN
1,0,NaN
2,0,NaN
3,0,NaN
4,0,NaN
5,0,NaN
6,0,NaN
7,0,NaN
8,0,NaN
9,0,NaN
10,0,NaN
11,0,NaN
12,0,NaN
13,0,NaN
14,0,NaN
15,0,NaN
16,743,0.140107
17,1105,0.122402
18,1066,0.165316
19,650,0.200917
20,1333,0.151623
21,1083,0.155142
22,2353,0.110719
23,2613,0.112936
24,513,0.193423
25,542,0.167399
26,1271,0.153244
27,1477,0.127184
28,3519,0.108088
29,2511,0.103262
30,1615,0.111970
31,2510,0.103554
