index,cardinality,distortion
0,0,NaN
1,0,NaN
2,0,NaN
3,0,NaN
4,2873,0.193106
5,8390,0.159325
6,2555,0.207971
7,11086,0.129567
