index,cardinality,distortion
0,0,NaN
1,0,NaN
2,10907,0.211042
3,13997,0.172697
