index,cardinality,distortion
0,0,NaN
1,0,NaN
2,0,NaN
3,0,NaN
4,0,NaN
5,0,NaN
6,0,NaN
7,0,NaN
8,1863,0.137755
9,1505,0.207425
10,2528,0.169021
11,5112,0.125126
12,914,0.212814
13,2278,0.153391
14,5762,0.115131
15,4942,0.114973
