{"accuracy":84.17583,"avg_accuracy":86.365685}