M,Train Ac,Train avgAc,Test Ac,Test avgAc
512, 75.54361, 79.329605, 69.62963, 67.37223
1024, 79.33131, 82.32479, 71.75926, 67.62097
2048, 84.19453, 86.89757, 74.35185, 69.04781
4096, 87.771805, 90.80324, 73.703705, 67.19536
