M,Train Ac,Train avgAc,Test Ac,Test avgAc
512, 83.89199, 63.60307, 71.13207, 49.25141
1024, 88.803535, 71.315125, 70.66038, 49.012474
2048, 95.62384, 85.4208, 71.4151, 49.774303
4096, 99.2784, 97.55198, 70.754715, 51.809834
