{"accuracy":77.547165,"avg_accuracy":70.07897}