index,cardinality,distortion
0,23751,0.454045
1,23365,0.230101
