index,cardinality,distortion
0,6165,0.198028
1,8261,0.164670
2,5069,0.335091
3,3969,0.218730
4,4159,0.303770
5,3240,0.374563
6,6598,0.224102
7,9655,0.147452
