index,cardinality,distortion
0,11578,0.233919
1,9002,0.317800
2,9035,0.388011
3,17501,0.190252
