index,cardinality,distortion
0,0,NaN
1,0,NaN
2,0,NaN
3,0,NaN
4,416,0.586262
5,199,0.470512
6,313,0.375978
7,926,0.184728
