index,cardinality,distortion
0,2140,0.343889
1,1080,0.722804
2,1858,0.496320
3,1276,0.655533
4,4317,0.283176
5,1125,0.627542
6,1480,0.525943
7,5139,0.194757
