index,cardinality,distortion
0,6650,0.913178
1,11765,0.463595
