index,cardinality,distortion
0,3967,0.576156
1,2413,0.707178
2,4844,0.530729
3,7191,0.333761
