index,cardinality,distortion
0,6103,0.168921
1,2178,0.488210
2,4324,0.338726
3,5205,0.314207
4,7997,0.245270
5,8486,0.234394
6,7693,0.212470
7,13743,0.153805
