index,cardinality,distortion
0,25623,0.384505
1,30106,0.257709
