index,cardinality,distortion
0,8852,0.296317
1,12649,0.353431
2,15257,0.268432
3,18971,0.178444
