index,cardinality,distortion
0,0,NaN
1,0,NaN
2,0,NaN
3,0,NaN
4,1249,0.124674
5,1690,0.123331
6,1285,0.165461
7,3008,0.126036
