index,cardinality,distortion
0,0,NaN
1,0,NaN
2,0,NaN
3,0,NaN
4,714,0.148802
5,596,0.198499
6,725,0.150418
7,866,0.118564
