index,cardinality,distortion
0,0,NaN
1,0,NaN
2,0,NaN
3,0,NaN
4,5767,0.141797
5,8292,0.144450
6,6078,0.210066
7,12726,0.168731
