index,cardinality,distortion
0,0,NaN
1,0,NaN
2,13044,0.227689
3,19819,0.200718
