index,cardinality,distortion
0,0,NaN
1,0,NaN
2,0,NaN
3,0,NaN
4,32,0.243530
5,285,0.105436
6,736,0.135406
7,630,0.122446
