index,cardinality,distortion
0,0,NaN
1,0,NaN
2,0,NaN
3,0,NaN
4,613,0.242486
5,234,0.176061
6,182,0.201955
7,223,0.387948
